{
    "materials": {
        "Q235": {
            "density": 7.85e-9,
            "E": 206000,
            "poisson_ratio": 0.3,
            "thermal_coefficient": 0.000012,
            "fy": 235,
            "fu": 370,
            "Fye": 260,
            "Fue": 410,
            "SSType": 1,
            "SSHysType": 2,
            "StrainAtHardening": 0.015,
            "StrainAtMaxStress": 0.11,
            "StrainAtRupture": 0.17,
            "FinalSlope": -0.1
        },
        "Q345": {
            "density": 7.85e-9,
            "E": 206000,
            "poisson_ratio": 0.3,
            "thermal_coefficient": 0.000012,
            "fy": 345,
            "fu": 490,
            "Fye": 380,
            "Fue": 520,
            "SSType": 1,
            "SSHysType": 2,
            "StrainAtHardening": 0.015,
            "StrainAtMaxStress": 0.11,
            "StrainAtRupture": 0.17,
            "FinalSlope": -0.1
        }
    },
    "section_types":  {
            "0": {
                "outside_depth": 180,
                "outside_flange_width": 180,
                "flange_thickness": 8,
                "web_thickness": 8,
                "Area": 5504,
                "I33": 27197099,
                "I22": 27197099,
                "Torsion": 40707584,
                "S33": 302189.99,
                "S22": 302189.99,
                "Z33": 355264,
                "Z22": 355264
            },
            "1": {
                "outside_depth": 200,
                "outside_flange_width": 200,
                "flange_thickness": 8,
                "web_thickness": 8,
                "Area": 6144,
                "I33": 37814272,
                "I22": 37814272,
                "Torsion": 56623104,
                "S33": 378142.7,
                "S22": 378142.7,
                "Z33": 442624,
                "Z22": 442624
            },
            "2": {
                "outside_depth": 220,
                "outside_flange_width": 220,
                "flange_thickness": 8,
                "web_thickness": 8,
                "Area": 6784,
                "I33": 50889045,
                "I22": 50889045,
                "Torsion": 76225024,
                "S33": 462627.7,
                "S22": 462627.7,
                "Z33": 539584,
                "Z22": 539584
            },
            "3": {
                "outside_depth": 250,
                "outside_flange_width": 250,
                "flange_thickness": 8,
                "web_thickness": 8,
                "Area": 7744,
                "I33": 75669205,
                "I22": 75669205,
                "Torsion": 113400000,
                "S33": 605353.6,
                "S22": 605353.6,
                "Z33": 703024,
                "Z22": 703024
            },
            "4": {
                "outside_depth": 280,
                "outside_flange_width": 280,
                "flange_thickness": 8,
                "web_thickness": 8,
                "Area": 8704,
                "I33": 107400000,
                "I22": 107400000,
                "Torsion": 161000000,
                "S33": 767278.3,
                "S22": 767278.3,
                "Z33": 888064,
                "Z22": 888064
            },
            "5": {
                "outside_depth": 300,
                "outside_flange_width": 300,
                "flange_thickness": 8,
                "web_thickness": 8,
                "Area": 9344,
                "I33": 132900000,
                "I22": 132900000,
                "Torsion": 199200000,
                "S33": 885894.3,
                "S22": 886894.3,
                "Z33": 1023424,
                "Z22": 1023424
            },
            "6": {
                "outside_depth": 220,
                "outside_flange_width": 220,
                "flange_thickness": 12,
                "web_thickness": 12,
                "Area": 9984,
                "I33": 72230912,
                "I22": 72230912,
                "Torsion": 108000000,
                "S33": 656644.7,
                "S22": 656644.7,
                "Z33": 779616,
                "Z22": 779616
            },
            "7": {
                "outside_depth": 350,
                "outside_flange_width": 350,
                "flange_thickness": 8,
                "web_thickness": 8,
                "Area": 10944,
                "I33": 213500000,
                "I22": 213500000,
                "Torsion": 320000000,
                "S33": 1219766.1,
                "S22": 1219766.1,
                "Z33": 1403824,
                "Z22": 1403824
            },
            "8": {
                "outside_depth": 250,
                "outside_flange_width": 250,
                "flange_thickness": 12,
                "web_thickness": 12,
                "Area": 11424,
                "I33": 108100000,
                "I22": 108100000,
                "Torsion": 161800000,
                "S33": 864994.8,
                "S22": 864994.8,
                "Z33": 1020456,
                "Z22": 1020456
            },

            "9": {
                "outside_depth": 280,
                "outside_flange_width": 280,
                "flange_thickness": 12,
                "web_thickness": 12,
                "Area": 12864,
                "I33": 154300000,
                "I22": 154300000,
                "Torsion": 231000000,
                "S33": 1102138.5,
                "S22": 1102138.5,
                "Z33": 1293696,
                "Z22": 1293696
            },

            "10": {
                "outside_depth": 300,
                "outside_flange_width": 300,
                "flange_thickness": 12,
                "web_thickness": 12,
                "Area": 13824,
                "I33": 191400000,
                "I22": 191400000,
                "Torsion": 286700000,
                "S33": 1276231.7,
                "S22": 1276231.7,
                "Z33": 1493856,
                "Z22": 1493856
            },
            "11": {
                    "outside_depth": 400,
                "outside_flange_width": 400,
                "flange_thickness": 10,
                "web_thickness": 10,
                "Area": 15600,
                "I33": 395700000,
                "I22": 395700000,
                "Torsion": 593200000,
                "S33": 1978600,
                "S22": 1978600,
                "Z33": 2282000,
                "Z22": 2282000
            }
        },
    "inter_connection_properties": {
        "basic_properties": {
            "Dofs": [true, true, true, true, true, true],
            "DofFix": [false, false, false, false, false, false],
            "NonLinear": [true, true, true, true, true, true],
            "Ke": [980000, 120000, 120000, 2200000000, 3400000000, 3400000000],
            "Ce": [0.05, 0.05, 0.05, 0.05, 0.05, 0.05]
        },
        "Horizontal": {
            "RF_u1": [-1.15e6, -1.15e6, 0, 1.07e6, 1.07e6],
            "RD_u1": [-2.34, -1.14, 0, 1.14, 2.34],
            "RF_u2": [-3.31e5, -3.31e5, 0, 3.31e5, 3.31e5],
            "RD_u2": [-5.42, -2.70, 0, 2.70, 5.42],
            "RF_u3": [-3.31e5, -3.31e5, 0, 3.31e5, 3.31e5],
            "RD_u3": [-5.42, -2.70, 0, 2.70, 5.42],
            "RF_r1": [-4.8e7, -4.8e7, -3.15e7, 0, 3.15e7, 4.8e7, 4.8e7],
            "RD_r1": [-0.073, -0.038, -0.015, 0, 0.015, 0.038, 0.073],
            "RF_r2": [-5.5e7, -5.5e7, -3.68e7, 0, 3.68e7, 5.38e7, 5.43e7],
            "RD_r2": [-0.055, -0.027, -0.011, 0, 0.011, 0.027, 0.055],
            "RF_r3": [-5.5e7, -5.5e7, -3.68e7, 0, 3.68e7, 5.38e7, 5.43e7],
            "RD_r3": [-0.055, -0.027, -0.011, 0, 0.011, 0.027, 0.055]
        },
        "Vertical": {
            "RF_u1": [-6.85e5, -6.90e5, 0, 6.90e5, 6.85e5],
            "RD_u1": [-0.45, -0.23, 0, 0.23, 0.45],
            "RF_u2": [-6.24e5, -6.24e5, 0, 6.30e5, 6.30e5],
            "RD_u2": [-0.23, -0.11, 0, 0.11, 0.23],
            "RF_u3": [-6.24e5, -6.24e5, 0, 6.30e5, 6.30e5],